{"initial_reset_timestamp": 1621098057.263139, "timestamps": [1621098080.523395], "episode_lengths": [98], "episode_rewards": [-400.1679055305328], "episode_types": ["t", "t"]}